#pdb_id,pdb_residue,uniprot_id,uniprot_position,protherm_id,ph,temperature,exp_ddG,EASE-MM,EASE-AA,MUpro,I-Mutant_seq,I-Mutant_str,Rosetta,FoldX,DFIRE,PoPMuSiC,PoPMuSiC3.1,lgbm,XGBoost,rf,GBoost,svm,Str_status
1FTG,E61K,P0A3D9,E62K,17971,7,44.15,0.24,-0.594847504,-0.760591924,-1.4650433,-0.26,-0.08,0.192,1.06105,0.8,0.05,-0.05,0.032653635,0.197475597,0.045527276,0.173560872,-0.48706971,1
1W3D,D162N,P11961,D162N,18484,5.5,51.85,-2,-0.098344565,-0.802063946,-0.93324501,-0.89,-0.8,-0.174,-1.15798,0.27,-0.84,0.84,-0.920125534,-0.495463312,-0.867116596,-0.475126456,-0.209543531,2
1W4H,L158A,P0AFG6,L141A,24808,7,9.85,-2.12,-2.283099548,-2.885589564,-1.9478976,-2.88,-2.64,-1.441,-1.32641,-1.29,-2.79,2.79,-1.956871091,-1.882080436,-2.053870213,-2.342086574,-2.000080053,2
1FTG,D126K,P0A3D9,D127K,17975,7,44.15,0.55,-0.085077504,-0.611843627,-1.3040885,-0.67,-0.4,-0.083,0.345169,0.47,0.08,-0.08,0.085293431,0.140388414,0.075747658,0.108584136,0.09142374,1
1RRO,P26A,P02631,P27A,16699,7.4,53.6,-0.74,-1.138551227,-0.936378977,-0.98263938,-0.65,-0.62,-1.599,-2.35928,0.04,-1.5,1.5,-1.223745062,-0.793883562,-1.409518462,-0.756016667,-0.371782301,2
1HME,I38H,P63159,I122H,17679,7,20,0,-1.035533785,-1.890398035,-1.9275237,-2.03,-1.4,-1.502,-0.280326,-0.34,0.03,-0.03,-0.965380323,-0.533499599,-0.846724574,-0.586719469,-0.713574379,2
1PIN,R17G,Q13526,R17G,25177,7,40,-0.22,-0.354594168,-0.728022113,-1.4521253,-1.95,-0.37,-0.182,-0.150102,-0.44,-0.18,0.18,-0.603662768,-0.768637419,-0.64773112,-0.737624168,-0.665864569,4
1SPB,K57E,P00782,K87E,8821,5,20,1,0.055744392,0.099032445,0.077339891,-0.99,-0.35,-1.036,0.414757,0.31,0.22,-0.22,-0.087800142,0.10820581,0.024431087,0.365233224,0.205233595,4
1K9Q,L30Y,P46937,L190Y,11373,7,65,0.17,-0.394546331,-1.445194089,-1.9066594,-0.97,-0.31,1.233,-0.238397,0.81,-0.85,0.85,-0.522712994,-0.649075627,-0.65778307,-0.62625944,0.143410799,2
1PIN,R17A,Q13526,R17A,25176,7,40,0,-0.040265074,-0.640637981,-1.1453255,-1.19,-0.19,0.673,0.0750287,-0.27,0.44,-0.44,-0.53500536,-0.092597932,-0.332317955,-0.591626811,-0.785268753,1
1PIN,S19A,Q13526,S19A,25180,7,40,-0.14,-0.522752188,-0.899806106,-1.2713953,-1.02,-0.69,0.721,-0.346844,-0.07,-0.99,0.99,0.017718187,0.185544834,-0.250760466,0.399542604,-0.101936688,2
1PIN,S19G,Q13526,S19G,25181,7,40,0.01,-0.259525293,-0.904341409,-1.7042172,-1.62,-0.99,-0.331,-0.596936,-0.24,-1.41,1.41,-0.667471031,-0.255905956,-0.663570306,-0.71920198,-0.317228412,2
1FC1,K370A,P01857,K253A,3635,7.4,20,-1.1,-0.7521854,-0.651373487,-0.37407263,-0.97,-1.08,0.595,-1.40486,-0.26,-1.34,1.34,-0.221713021,-0.088246532,-0.255718237,-0.027556604,-0.745837294,4
1W3D,D164G,P11961,D164G,18488,5.5,51.85,-3.7,-0.996800782,-1.068076609,-1.5582598,-0.94,-0.49,-0.636,-1.08416,-0.57,-0.66,0.66,-0.939773503,-1.064500332,-1.104916564,-1.114766993,-1.097504901,2
1W3D,E141Q,P11961,E141Q,18471,5.5,51.85,-0.4,-0.113198828,-0.06078264,-1.1007264,-0.39,-0.64,1.252,-0.151014,-0.43,-0.04,0.04,-0.434440368,-0.616914034,-0.436952083,-0.333392785,0.037475747,2
1PIN,Y23L,Q13526,Y23L,25187,7,40,-1.18,-1.249131976,-1.488869061,-0.36486902,-0.48,-0.35,-3.915,0.109774,-1.17,-1.16,1.16,-0.829060505,-0.271404743,-1.181416014,-0.754181651,-1.127136666,2
1W3D,D164N,P11961,D164N,18486,5.5,51.85,-1.9,-0.245765226,-0.39686623,-0.8564109,-0.81,-0.27,0.774,-0.310192,0.04,-0.15,0.15,-0.824516812,-0.98524332,-0.692209865,-0.671258169,-0.18557473,4
1PIN,P9G,Q13526,P9G,25167,7,40,-0.49,-0.27414567,-0.885777687,-0.99712015,-1.81,-1.41,-2.093,-2.26162,-1.02,-0.97,0.97,-1.013365217,-0.603635073,-1.126736462,-1.15340436,-1.43602406,2
1PIN,P9A,Q13526,P9A,25166,7,40,-0.19,-0.339655212,-0.370448595,-0.59197791,-0.74,-0.41,-0.485,-1.5908,-0.55,0.01,-0.01,-0.789846699,-0.415861607,-0.640999664,-1.024066708,-0.764756409,2
1W3D,E141A,P11961,E141A,18472,5.5,51.85,-0.7,-0.198140627,-0.455691267,-1.6889679,-0.34,-0.43,0.139,-0.0514969,-0.79,-0.11,0.11,-0.680986098,-0.744002342,-0.541974875,-0.475411586,-0.188320429,2
1FC1,L368A,P01857,L251A,3634,7.4,20,-2.2,-2.808040324,-2.809637816,-2.5450552,-3.44,-2.5,-2.869,-2.0612,-2.09,-2.72,2.72,-0.745986673,-0.828684449,-0.644293464,-0.892352257,-0.881881294,4
1PIN,L7V,Q13526,L7V,25162,7,40,-1.26,-0.981806789,-1.256458657,-1.1581065,-1.66,-0.73,-5.223,-2.90269,-0.59,-1.3,1.3,-0.285453735,-0.584701836,-0.976814592,-0.470012368,-0.972608948,2
1YYX,L76A,UPI00005AB3B6,L76A,18319,5,25,-3.43,-1.705209784,-1.714434949,-2.6439554,-2.99,-1.92,-1.084,-0.398375,-1.02,-2.13,2.13,-1.838358376,-1.311951876,-1.25631295,-1.183581463,-1.546464937,1
1HME,S37H,P63159,S121H,17678,7,20,-1.5,-0.648253459,-0.818032661,-0.83544342,-0.66,-0.98,-0.61,-0.149291,0.11,-0.79,0.79,-0.377685809,-0.1657352,-0.350970185,-0.709942487,-0.411228727,2
1W4H,A140G,P0AFG6,A123G,24800,7,9.85,-1.02,-0.571929207,-0.96226348,-1.5240523,-1.35,-1.34,-1.215,-0.629975,-0.74,-0.63,0.63,-0.636126001,-0.702039838,-0.711537084,-0.740413757,-0.29930092,2
1W4H,A130G,P0AFG6,A113G,24791,7,9.85,-0.04,-0.483910468,-0.714505345,-1.4995301,-1.43,-2.14,-1.22,-0.795789,-0.46,-0.91,0.91,-0.89426558,-0.657733798,-0.615806739,-0.913641756,-0.740785969,2
1RTP,K80S,P02625,K81S,16707,7.4,45.8,-0.29,-0.057702586,-0.33884932,-1.0380944,-0.38,-0.34,0.253,0.0774291,-0.56,-0.24,0.24,-0.385242206,-0.147463813,-0.140393668,-0.087562699,-0.286013213,1
1W4H,D162N,P0AFG6,D145N,24810,7,9.85,-3.1,0.075127149,-0.886341236,-0.68287944,-1.17,-0.63,-0.579,-1.70869,-0.23,-0.83,0.83,-0.822926089,-0.534007192,-0.453937866,0.460687538,-0.14251991,2
3HHR,E74D,P01241,E100D,311,8,20,-0.55,-0.779480411,-0.789286648,-0.89143039,0.04,-0.59,-2.945,-0.863544,-0.53,-0.62,0.62,-0.158134753,0.15907824,-0.167341361,-0.045120204,-0.389169937,1
1PIN,W11F,Q13526,W11F,25169,7,40,-1.93,-1.804567299,-1.558182594,-0.075394491,-1.34,-1,-2.896,1.39476,-1.66,-1.05,1.05,-1.813286697,-1.611856937,-1.747162574,-1.587908221,-1.842534368,2
1PIN,V22A,Q13526,V22A,25185,7,40,-0.26,-1.520358231,-1.961241265,-1.8896141,-2.14,-1.04,-0.668,-1.14398,-0.36,-1.21,1.21,-1.321977726,-0.981390893,-1.191966299,-1.137444192,-1.208702512,2
1FC1,P395A,P01857,P278A,3638,7.4,20,-3.2,-1.379362114,-0.276754181,-0.62516617,-2.05,-1.14,0.93,-0.908858,-0.21,-1.01,1.01,-0.642956182,-0.025623534,-0.279863534,-0.5743358,-0.517983923,1
1B26,R190A,P96110,R191A,17752,7,69.5,-0.34,-1.100291517,-1.396733864,-0.44305981,-0.21,-0.61,-2.748,-3.86629,-1.17,-1.57,1.57,-0.760376984,-1.03472507,-1.2950657,-0.534884369,-1.233759582,4
1W4H,A146G,P0AFG6,A129G,24802,7,9.85,-0.58,-1.68581267,-1.865149077,-1.2028157,-1.51,-2.29,0.441,-1.36664,-0.91,-1.86,1.86,-0.881502128,-0.991925001,-0.878764697,-0.498770537,-1.516743236,2
1FTG,V139A,P0A3D9,V140A,9918080,7,44.15,-0.87,-2.519129853,-2.490129237,-1.1513089,-1.11,-0.71,0.589,-1.08055,-1.63,-2.56,2.56,-1.134079131,-1.168870449,-1.182504623,-0.951074408,-1.496060541,2
1FTG,V18I,P0A3D9,V19I,9919982,7,43.25,0.69,-0.476515041,0.458522547,-0.45124642,0.06,0.07,0.583,0.693232,1.04,-0.79,0.79,-0.348043296,-0.311071873,-0.467926439,-0.398724147,-0.114692357,1
1FTG,N97A,P0A3D9,N98A,9918074,7,44.15,-0.46,-0.937531045,-0.472218703,-1.7233718,-0.19,-0.27,-1.283,-1.26021,-0.14,-1.62,1.62,-0.716586349,-0.654647112,-0.584908357,-0.527667702,-0.887815197,2
1RTP,A21P,P02625,A22P,16703,7.4,45.8,-1.92,0.448644569,-0.239916536,-1.6489733,-0.52,-0.39,0.805,1.03303,0.56,0.22,-0.22,0.026784712,0.201503143,-0.136007875,0.291771424,0.077727359,1
1W3D,V149G,P11961,V149G,18479,5.5,51.85,-4.1,-3.760961858,-2.987373451,-2.4034235,-2.62,-3.04,-3.173,-0.458085,-1.8,-1.48,1.48,-3.113620575,-3.008129835,-2.692324961,-2.658916701,-3.764254418,2
1FTG,D43A,P0A3D9,D44A,9918069,7,44.15,0.1,-0.087089357,0.077286507,-1.2312106,-0.14,-0.07,-0.363,0.45093,0.49,-0.51,0.51,-0.055931088,-0.005781717,-0.222440172,-0.139968099,0.241324489,1
1FTG,E20K,P0A3D9,E21K,9919983,7,43.25,1.32,-0.409875036,0.683737169,-1.3529365,-0.53,-0.57,1.159,0.48954,0.42,-0.25,0.25,0.074172379,-0.084982656,-0.102734117,-0.227852851,-0.32110898,1
1W4H,I135V,P0AFG6,I118V,24796,7,9.85,-0.03,-0.74831486,-0.322286647,-1.1305813,-0.8,-0.77,0.653,-0.124261,-0.26,-0.94,0.94,-0.47328542,-0.567266166,-0.536172003,-0.375080639,-0.175268949,2
1PIN,M15A,Q13526,M15A,25173,7,40,-0.59,-2.009826098,-1.704763743,-1.6279217,-1.38,-0.73,-1.356,-1.15584,-0.15,-0.76,0.76,-0.860215293,-0.309451014,-0.742481442,-0.833615934,-0.502631112,2
1YYX,A90G,UPI00005AB3B6,A90G,18322,5,25,-2.87,-1.697355403,-1.700228076,-1.4482899,-1.15,-1.15,-2.101,-1.08641,-1.3,-1.23,1.23,-1.63020707,-1.40684402,-1.084511032,-2.342119731,-1.119925112,2
1KFW,G254P,Q9REI6,G291P,16599,7.5,16,-0.65,-0.189761236,-0.746429593,-1.777412,-1.4,-1.63,-86.283,-10.0576,-0.65,-3.36,3.36,0.307309646,0.097257845,0.000502215,0.595041467,-0.441481076,4
1W4H,I135A,P0AFG6,I118A,24797,7,9.85,-1.63,-1.903329902,-1.871489039,-2.535771,-2.36,-2.54,1.028,-1.62506,-1.1,-2.02,2.02,-1.380825049,-1.240606666,-1.262791284,-1.347276215,-1.452492661,2
1B26,K193A,P96110,K194A,17754,7,69.5,0.23,-1.668366809,-0.354483816,0.16512632,-0.05,-0.8,3.043,-1.46234,0.28,-0.83,0.83,0.102298821,0.464155108,0.118947669,0.054350554,-0.071039637,4
1CDC,A40G,P08921,A62G,5695,7,25,-1.71,-2.38221738,-1.429062308,-1.242729,-1.6,-1.45,-1.029,-0.448704,-0.48,-1.87,1.87,-1.078555497,-1.148972154,-0.734945562,-1.270341096,-1.90257394,2
1FC1,L351A,P01857,L234A,3632,7.4,20,-1.3,-2.616230486,-2.833789066,-2.8175111,-2.73,-2.69,-1.414,-1.4723,-1.68,-2.34,2.34,-1.084291441,-0.840175569,-1.008802917,-1.192401879,-1.485972589,2
1FTG,I104V,P0A3D9,I105V,9918076,7,44.15,-0.56,-0.790437298,-1.127108778,-0.91144537,-0.75,-0.53,-0.609,-0.772814,-0.51,-0.98,0.98,-0.164962821,-0.150346518,-0.177941007,-0.194429195,-0.152561322,2
1W3D,V129G,P11961,V129G,18463,5.5,51.85,-1,-3.179292978,-3.566123574,-2.4045491,-2.33,-2.27,-2.34,-2.17652,-1.29,-1.59,1.59,-1.717565053,-1.690747142,-1.747891137,-1.919154296,-1.651786644,2
3HHR,S71Q,P01241,S97Q,310,8,20,-1.28,-0.480324582,-1.054613117,-0.57979383,-0.24,-1.04,-0.552,-2.59002,0.33,-1.29,1.29,-0.007128745,-0.03933005,-0.266012897,-0.084964231,-0.182142105,2
1HME,G39H,P63159,G123H,17680,7,20,0.47,0.487838086,-0.339088997,-1.9381326,-1.92,-2.21,0.543,0.131945,0.29,-0.2,0.2,-0.368579476,-0.370680749,-0.265280457,-0.429166598,0.113293282,2
1W3D,V129A,P11961,V129A,18462,5.5,51.85,-0.7,-1.959430724,-1.87052673,-1.6366057,-1.03,-1.42,-1.187,-1.31478,-0.73,-1.73,1.73,-1.337864828,-1.039239049,-1.18290929,-0.691483892,-0.671709075,2
1FTG,V160A,P0A3D9,V161A,9918083,7,44.15,-1.91,-1.957337688,-1.633134914,-0.92519295,-1.33,-1.05,-2.546,-1.96996,-1.55,-1.83,1.83,-1.091329433,-0.675149858,-1.065744707,-0.793674658,-1.267314516,2
1FTG,A101V,P0A3D9,A102V,9919993,7,43.25,-0.16,-0.634200907,-0.697875567,-0.13662157,0.05,0.27,-1.208,-0.471796,1.13,0.24,-0.24,-1.181175256,-0.91777873,-1.122036698,-1.586813619,0.201564698,1
1YYX,F65A,UPI00005AB3B6,F65A,18316,5,25,-2.5,-2.907549598,-2.866448376,-1.5587704,-2.09,-2.78,-3.757,-1.04125,-3.34,-2.56,2.56,-2.894168273,-2.271692991,-3.051618053,-3.250209735,-3.132537188,2
1FTG,V83I,P0A3D9,V84I,9919991,7,43.25,0.1,-0.55892629,-0.475775298,0.17052589,-0.34,0.04,-1.305,-0.107749,0.79,-0.94,0.94,-0.363747907,-0.394532204,-0.407243865,-0.207551827,-0.299808809,1
1PIN,N30A,Q13526,N30A,25203,7,40,-0.47,-0.228210066,-0.999074251,-0.85815878,-1.12,-0.04,-2.298,-2.22739,0.13,-1.51,1.51,-0.042980988,0.137506485,-0.130612514,0.079699161,-0.608516469,2
1FTG,T122S,P0A3D9,T123S,9918079,7,44.15,-0.31,-0.855748324,-1.328746477,-1.1062608,-0.24,0.13,-1.316,-0.741511,-0.39,-1.17,1.17,-0.770207539,-0.542809844,-0.61602731,-0.66669082,-0.952678938,2
1PIN,N30G,Q13526,N30G,25204,7,40,0.53,-0.136522965,-0.701132208,-1.2530544,-1.45,-0.74,-1.411,-0.534763,-0.49,-0.2,0.2,-0.279327311,-0.134712741,-0.316504501,0.070516708,0.076312408,2
1RTP,H26P,P02625,H27P,16702,7.4,45.8,1.25,-1.085450565,-1.303929378,-1.6610903,0.66,0.35,-0.13,2.16735,0.05,-0.76,0.76,-1.083078549,-1.374565721,-1.280413669,-1.28244025,-1.202580612,1
1CDC,I57V,P08921,I79V,5697,7,25,-0.43,-0.807329953,-0.402992034,-0.77494598,-0.62,-0.21,-0.608,-0.995804,-0.18,-0.69,0.69,-0.528146312,-0.335036635,-0.422301105,-0.412591343,-0.345301543,1
1W3D,Y138F,P11961,Y138F,18469,5.5,51.85,-2,0.00107636,0.062448287,-0.22444721,-0.12,-0.51,0.257,-0.951321,-0.26,-0.79,0.79,-0.308737231,-0.529993415,-0.51053502,-0.630820701,0.543693004,2
1W3D,V135A,P11961,V135A,18468,5.5,51.85,-1.5,-2.119392934,-1.46119081,-1.9776417,-1.55,-1.72,1.239,-1.56785,-0.73,-2.57,2.57,-1.026780613,-0.898019612,-1.063477262,-0.92817705,-0.641949273,2
1W4H,T159S,P0AFG6,T142S,24809,7,9.85,-1.63,-1.413831736,-1.327667321,-1.0352075,-0.77,-0.61,-1.174,-0.389652,-0.46,-1.4,1.4,-1.278411906,-1.47043705,-1.103549106,-1.287176693,-1.382582316,2
3HHR,E74A,P01241,E100A,313,8,20,-0.49,-0.444046368,-0.663789297,-1.2978934,-0.04,-0.79,-0.973,-1.77639,-0.11,-0.76,0.76,-0.869624271,-0.896382987,-0.839767117,-1.160957906,-0.713525021,2
1W3D,D145N,P11961,D145N,18474,5.5,51.85,-0.9,-0.597977864,-0.083350946,-0.57486142,-0.95,-0.96,-0.495,-0.900891,-0.03,-0.18,0.18,-0.856976029,-0.525497139,-0.579901473,-0.788654313,-0.512636183,2
1YYX,I98A,UPI00005AB3B6,I98A,18324,5,25,-3.83,-1.64411957,-2.218156981,-1.6400039,-2.13,-2.42,0.626,-1.29114,-1.42,-2.11,2.11,-1.743868193,-1.079100251,-1.894430804,-1.804218251,-0.933797295,2
1FC1,Y407A,P01857,Y290A,3643,7.4,20,-2.1,-2.624925293,-2.805212736,-1.3615945,-2.1,-2.51,-2.281,-2.26001,-2.36,-4.25,4.25,-0.849084279,-0.826510251,-0.748477584,-0.762024624,-1.479163405,1
1W3D,L167A,P11961,L167A,18491,5.5,51.85,-1.2,-1.027580079,-1.328515585,-2.0580293,-2.5,-1.16,-2.169,-1.03634,-1.31,-0.8,0.8,-1.21466248,-1.266216755,-1.239416058,-1.191906904,-1.037411328,2
1YYX,A87G,UPI00005AB3B6,A87G,18321,5,25,-3.03,-2.288582319,-1.700013939,-1.3876233,-1.14,-1.19,-2.171,-0.534401,-1.45,-2.37,2.37,-1.986201599,-1.972491264,-1.664633173,-3.394562154,-1.921001829,2
1W4H,L138A,P0AFG6,L121A,24798,7,9.85,-1.67,-2.401309317,-2.178742771,-2.5328568,-2.92,-2.61,-1.617,-1.44269,-1.03,-1.79,1.79,-1.947151202,-1.536867261,-1.822130935,-2.37160461,-2.280008876,2
1PIN,S38G,Q13526,S38G,25214,7,40,-0.08,-0.391125304,-0.439848845,-1.3608393,-1.02,-0.83,-0.533,-0.547444,-0.3,-1.39,1.39,-0.756045809,-0.646473229,-0.625715938,-0.335159755,-0.87663802,2
1PIN,F25Y,Q13526,F25Y,25193,7,40,0.22,-0.830023074,-0.78537025,-1.3147794,-0.85,-0.3,0.46,0.511036,0.63,-0.38,0.38,-0.227885325,-0.054231942,-0.352999057,-0.40406938,-0.191328688,2
1PIN,S38A,Q13526,S38A,25213,7,40,0.05,-0.529525104,-0.055832743,-0.57863426,-0.63,-0.67,0.57,0.109907,-0.07,-0.89,0.89,-0.004479939,0.128437147,-0.113797406,0.154801767,-0.055933618,2
1W4H,A134G,P0AFG6,A117G,24795,7,9.85,-0.37,-1.745562079,-1.636920156,-1.1645315,-1.52,-1.65,-1.173,-0.991374,-0.8,-0.87,0.87,-1.094023375,-1.149162292,-1.151144448,-1.472770583,-1.004689366,2
1FC1,T394A,P01857,T277A,3637,7.4,20,-0.6,-1.506030148,-1.45879627,-1.0664558,-1.28,-1.68,-0.906,-0.825215,-0.24,-0.95,0.95,-0.710612711,-0.377072304,-0.718057955,-0.705243696,-0.872901365,2
1YYX,A36G,UPI00005AB3B6,A36G,18312,5,25,-2.71,-1.831151657,-1.608287964,-1.549892,-1.13,-1.94,-1.957,-1.61858,-1.04,-1.58,1.58,-1.30971597,-1.521721721,-1.335604271,-2.140860595,-1.945977886,2
1PIN,Y23F,Q13526,Y23F,25188,7,40,-0.52,-1.140123458,-0.906760977,-0.53473172,-0.89,-0.21,0.696,0.532813,-0.44,-0.7,0.7,-0.130677632,0.26513347,-0.476560406,-0.295308338,-0.538068085,2
1FLV,G87L,P0A3D9,G88L,22101,7,44.15,-0.21,-0.73627542,0.500841896,-0.23261986,-0.42,0.29,-8.227,-8.40387,2.61,0.33,-0.33,-1.939585386,-1.65792644,-1.576337609,-2.652758998,-0.662287124,2
1W4H,V163A,P0AFG6,V146A,24811,7,9.85,-2.02,-2.120626823,-1.914523054,-1.48015,-1.68,-1.25,-3.112,-1.58091,-0.7,-2.82,2.82,-1.75977287,-1.965732574,-1.888733287,-2.425485113,-1.607528668,2
1FLV,G87A,P0A3D9,G88A,22099,7,44.15,-0.09,-0.85303428,-0.458953577,-1.3044611,-0.7,-0.59,-1.005,-0.994593,1.22,-0.01,0.01,-0.639875944,-0.442901284,-0.783805032,-0.660478194,-1.044681489,2
1FTG,L50A,P0A3D9,L51A,9919987,7,43.25,-2.84,-3.127971599,-2.858339882,-2.4106672,-2.83,-1.35,-5.586,-3.55185,-3.43,-2.67,2.67,-2.616188982,-2.287248611,-2.75465018,-2.962308198,-2.443528591,2
1W3D,D164A,P11961,D164A,18487,5.5,51.85,-2.3,0.14385902,-0.221372134,-1.0370027,-0.68,-0.11,0.872,-0.450764,0.47,0.27,-0.27,-0.430536533,-0.546522439,-0.275638605,-0.320498643,-0.525183576,2
1PIN,E35A,Q13526,E35A,25211,7,40,-0.73,-0.760152934,-0.834281418,-1.2656616,-0.79,-0.31,0.343,0.132034,-0.15,0.07,-0.07,-0.412880371,-0.089806356,-0.23382681,-0.606354445,-0.581809307,2
1W3D,L159V,P11961,L159V,18481,5.5,51.85,-0.6,-0.902577524,-0.486383512,-1.3112438,-1.66,-0.72,-0.407,-0.0910129,-0.41,-0.06,0.06,-0.374165937,-0.323875695,-0.283501458,-0.314213285,-0.318026184,2
1PIN,F25A,Q13526,F25A,25191,7,40,-2.14,-3.080980948,-3.447115747,-2.2032368,-2.79,-2.09,-5.126,-2.53849,-1.59,-2.05,2.05,-1.036123192,-0.671910346,-1.204367181,-1.03400344,-1.495364937,1
1AZP,V30I,P13123,V30I,16992,7,50,0.7,-0.071231505,0.22318157,-0.070692745,-0.29,0.1,-0.678,0.69291,0.5,-1.13,1.13,-1.194389478,-0.880587518,-1.274709627,-1.75900944,-0.814868831,1
1W4H,A148G,P0AFG6,A131G,24803,7,9.85,-0.43,-0.671568362,-1.277884992,-1.2788068,-1.46,-1.54,-0.564,-0.671557,-0.5,-0.36,0.36,-0.415921211,-0.476081371,-0.357977292,-0.242522776,-0.462129482,2
1YYX,L48A,UPI00005AB3B6,L48A,18313,5,25,-4.23,-2.251942992,-1.882396598,-1.8657073,-2.42,-1.96,-0.241,-1.4875,-0.66,-1.67,1.67,-2.861520997,-3.031441212,-2.889359948,-3.373807862,-2.648476904,2
1FLV,A101L,P0A3D9,A102L,22103,7,44.15,-0.53,-0.670391547,-0.277121361,0.043786558,-0.12,0.3,-15.809,-8.77602,1.39,-0.17,0.17,-1.113925384,-0.695154727,-1.035716719,-0.902834257,-0.270022504,2
1W3D,L159A,P11961,L159A,18482,5.5,51.85,-2,-2.299732888,-1.961768546,-2.311891,-3,-1.81,-2.092,-0.109818,-1.01,-1.07,1.07,-1.34769129,-1.354670405,-1.241185482,-1.273740985,-1.425158565,2
1PIN,S18G,Q13526,S18G,25179,7,40,0.02,-0.445819026,-0.83410811,-1.3953847,-1.54,-0.42,1.634,1.11894,-0.12,0.9,-0.9,-0.63364505,-0.628817081,-0.689255049,-0.888986788,-0.204979326,2
1W3D,L159G,P11961,L159G,18483,5.5,51.85,-1.9,-3.299213763,-2.181749818,-2.5248141,-3.51,-2.41,-2.288,-0.477337,-1.73,-1.33,1.33,-1.534329594,-1.859841466,-1.818129009,-1.675440662,-3.020824917,2
1FLV,G87V,P0A3D9,G88V,22100,7,44.15,0.12,-0.636435912,0.471145056,-0.80133131,-0.31,-0.14,-8.56,-5.71109,2.32,0.69,-0.69,-1.134507141,-1.233486533,-2.217821514,-1.212452812,-0.481602019,4
1SSO,I30V,P39476,I30V,16991,7,50,-0.4,-0.616919922,-0.567258548,-0.50552245,-0.48,-0.53,-1.861,-0.715777,-0.47,-1.11,1.11,-0.395350072,-0.656735301,-1.154756324,-0.841197593,-1.023069248,1
1PIN,F25L,Q13526,F25L,25192,7,40,-1.37,-0.98087712,-0.86843603,-0.89454364,-1.07,-0.98,-2.852,-0.673293,-0.81,-1.22,1.22,-0.474021565,-0.314153403,-0.480243109,-0.520058571,-0.292445271,1
1FC1,F405A,P01857,F288A,3642,7.4,20,-2.5,-2.667640221,-3.249194072,-1.6918268,-2.73,-2.85,-1.779,-1.89685,-2.12,-3.83,3.83,-0.753660336,-0.701729953,-0.441319182,-0.722027302,-1.284834905,1
1FTG,I51V,P0A3D9,I52V,9918070,7,44.15,-1.83,-1.439286185,-1.45279073,-0.92496976,-0.73,-0.64,-1.953,-0.782212,-1.41,-1.29,1.29,-0.767363563,-0.602128208,-0.732918613,-0.713947917,-0.871674508,4
1PIN,R21G,Q13526,R21G,25184,7,40,-0.67,-1.293227279,-1.956766456,-1.5961676,-2.22,-0.73,-1.23,-0.783006,-0.47,-0.13,0.13,-0.989524684,-0.624959171,-0.951957,-0.913802579,-1.226789578,2
1W4H,H166A,P0AFG6,H149A,24812,7,9.85,0.06,-0.833052638,-1.361985718,-0.61792822,-0.34,-0.93,-1.151,0.491655,0.47,-0.88,0.88,-0.480008264,-0.58001852,-0.671575433,-0.380644625,-0.632181302,2
2L3Y,H31A,P08505,H57A,2403,7.4,25,-0.3,-0.441966706,-1.305617748,-1.3261852,0.12,-0.9,-2.589,-0.552505,-0.42,-1.38,1.38,-0.421595346,-0.497574627,-0.662260686,-0.271780902,-1.330655539,2
1KFW,N198K,Q9REI6,N235K,16598,7.5,16,0.81,0.227283673,-0.08481274,-0.47228426,-0.56,-0.07,-0.999,0.444266,0.21,-0.14,0.14,-0.072715739,0.190918401,-0.043780816,-0.017098106,0.371925994,4
1PIN,R14A,Q13526,R14A,25172,7,40,-1.63,-1.461158277,-1.269211315,-0.70215176,-1.04,-0.55,-1.053,-1.34097,-0.83,-0.93,0.93,-0.038539819,-0.040024832,-0.214348511,0.131223807,-0.345764891,1
1FC1,T366A,P01857,T249A,3633,7.4,20,-2.3,-1.382347179,-1.617295005,-1.1985567,-1.39,-1.95,-0.861,-0.842831,-0.18,-1.74,1.74,-0.269714727,0.086011507,-0.331673045,-0.229857866,-0.605955083,4
2L3Y,W34A,P08505,W60A,2397,4,25,-2,-2.247232866,-1.887944654,-1.3676296,-1.34,-0.98,-1.744,0.174024,-2.27,-0.61,0.61,-0.015872796,-0.057253532,-0.470582842,-0.053762178,-1.384200555,2
1FTG,Q99A,P0A3D9,Q100A,9919992,7,43.25,1.72,-1.255139233,-0.953698975,-1.1547544,0.36,0.27,-1.603,-0.502701,0.1,-0.96,0.96,0.014189729,0.056047183,0.01857543,-0.191943833,-0.416218577,1
1IRO,I33L,P00268,I33L,22382,9.08,107,0.76,-0.649032313,-0.498513008,-0.7559086,-0.93,-0.95,-1.258,-0.0559923,0.18,-0.3,0.3,-0.000683485,-0.019727491,-0.33446974,0.107552551,-0.33323896,1
1PIN,P8A,Q13526,P8A,25164,7,40,-0.97,-1.789021146,-1.746644794,-0.65447633,-0.61,-1.31,-1.483,-2.95339,-0.76,-1.73,1.73,-1.545537101,-1.497207046,-1.614485163,-1.593030297,-1.460235754,2
1W3D,I163V,P11961,I163V,18485,5.5,51.85,-0.5,-0.82921276,-0.648774871,-0.90552026,-0.43,-0.78,-0.705,-0.465721,-0.49,-1.2,1.2,-0.449139542,-0.380261004,-0.552883421,-0.307943105,-0.451361033,4
1FTG,D65K,P0A3D9,D66K,17972,7,44.15,-0.09,-0.829743779,-0.511147071,-1.7963281,0.1,0.19,0.816,-0.420733,0.64,-0.75,0.75,-0.303399514,-0.04687022,-0.041534003,0.174219327,-0.039703234,2
1W3D,V158A,P11961,V158A,18480,5.5,51.85,-3.2,-2.592426926,-2.571584204,-1.6334193,-1.57,-1.81,-3.071,-1.12235,-1.16,-2.29,2.29,-2.271058242,-1.834435821,-2.063389046,-1.623632155,-2.076435011,2
1FC1,Y349A,P01857,Y232A,3630,7.4,20,-0.7,-2.527359517,-3.019295763,-0.89064755,-1.43,-2.59,-1.929,-0.950508,-1.74,-3.27,3.27,-0.953541223,-0.636300504,-0.550988058,-0.783420887,-0.687875589,4
1FTG,S110A,P0A3D9,S111A,9918077,7,44.15,-0.64,0.404211941,0.230879256,-0.80128261,-0.26,-0.44,0.155,0.285705,0.34,0.08,-0.08,-0.21804195,-0.095298134,-0.050608976,-0.074700104,0.367162366,1
1CDC,L89V,P08921,L111V,5699,7,25,-0.14,-1.119584812,-1.499823884,-1.4036895,-1.64,-1.1,-0.402,-0.703256,-0.21,-0.56,0.56,-0.303812549,-0.134439066,-0.284119563,-0.109543605,-0.116526898,2
2DRI,A188C,P02925,A213C,26037,7.6,25,-1.8,0.276063958,0.303352038,-0.93966041,-0.83,-0.87,-2.122,0.222913,1.74,0.66,-0.66,-0.622208451,-0.217314765,-0.472482588,-0.782542992,0.177882494,2
1W4H,T152S,P0AFG6,T135S,24805,7,9.85,-0.29,-0.318547728,-0.065561226,-0.53421213,-1,-0.17,-0.107,-0.0665208,-0.24,0.06,-0.06,-0.757104442,-0.837586939,-0.770376624,-0.791616951,-0.212285456,2
1FTG,I21A,P0A3D9,I22A,9919984,7,43.25,0.45,-0.747423891,-1.874383537,-2.4608441,-1.97,-1.85,-1.708,-1.12863,-1.18,-0.29,0.29,-0.326687884,-0.209024787,-0.520631851,-0.371852256,-0.453472908,2
1FTG,I21G,P0A3D9,I22G,9919985,7,43.25,-0.76,-2.062102168,-3.351433881,-2.6565577,-2.55,-2.53,-3.527,-2.4796,-2.52,-1.23,1.23,-1.096942412,-0.903135777,-0.9662456,-0.940831222,-1.848909166,2
1K9Q,A20R,P46937,A180R,11375,7,65,0.89,0.066911475,0.3582877,-0.90625883,0.26,0.25,-0.616,-0.588967,0.57,-0.24,0.24,0.188681079,0.293944359,0.046143554,0.408488551,-0.038184422,1
1PIN,W34A,Q13526,W34A,25209,7,40,-0.4,-3.876892578,-3.728150387,-0.4937936,-2.01,-0.82,-1.489,-0.443331,-1.91,-0.59,0.59,-2.119435795,-2.011400461,-1.862344222,-1.740256783,-2.482254669,1
1ZG4,E104K,P62593,E102K,12374,7,50.6,0.64,0.196201713,-0.242098031,-0.8154086,-0.53,0.26,-0.092,-0.129906,0.74,-0.02,0.02,-0.106929623,-0.073307678,0.036414874,0.366636906,0.291309576,1
1W3D,I130V,P11961,I130V,18464,5.5,51.85,-0.2,-1.075833988,-1.316944851,-0.51851421,-0.82,-0.11,0.519,-0.261149,-0.12,-0.19,0.19,-0.485780247,-0.415920645,-0.43212776,-0.434574291,0.115955793,2
1FC1,T350A,P01857,T233A,3631,7.4,20,-0.1,-0.893190605,-1.538036234,-0.86061207,-0.48,-1.78,1.933,-0.240204,-0.26,-1.39,1.39,-0.663629812,-0.43932724,-0.587623887,-0.772713501,-0.734721142,1
1W3D,V144A,P11961,V144A,18473,5.5,51.85,-2,-2.082871113,-1.901651096,-1.0595276,-1.85,-1.24,0.65,0.767957,-0.93,-1.98,1.98,-1.745280238,-1.750252485,-1.722439331,-2.079600344,-1.978507122,2
1W3D,I146V,P11961,I146V,18476,5.5,51.85,-1.2,-1.019519601,-1.118420099,-0.73550271,-0.71,-0.85,0.459,-0.587335,-0.24,-1.12,1.12,-0.470458733,-0.773551345,-0.63937134,-0.467372168,-0.350886711,2
1W4H,I149V,P0AFG6,I132V,24804,7,9.85,-0.75,-0.683175416,-0.782061261,-1.5061454,-0.74,-0.56,0.968,-0.795821,-0.54,-1.24,1.24,-0.498504554,-0.676950216,-0.592066404,-0.466301895,-0.412628058,2
1W3D,A131G,P11961,A131G,18467,5.5,51.85,-1.7,-1.99038204,-1.133778207,-1.4101418,-1.32,-2.05,-2.745,-1.46729,-0.78,-1.11,1.11,-1.428530473,-1.677157283,-1.431067338,-1.585603275,-1.942574335,2
1RRO,P21A,P02631,P22A,16698,7.4,53.6,-0.74,-0.362085975,-0.203598656,-1.0987662,-0.51,-0.51,-0.29,-1.54476,-0.68,-0.47,0.47,-0.531536462,-0.553831935,-0.561531039,-0.334451272,-0.733392349,1
1PIN,Y24W,Q13526,Y24W,25190,7,40,-0.56,-0.585088907,-0.47613447,-1.5130877,-0.51,-0.63,-0.544,-0.473071,-0.05,-0.71,0.71,-0.335217998,-0.108704627,-0.770091634,-0.698047195,-0.417448988,2
1W3D,A139G,P11961,A139G,18470,5.5,51.85,-2.3,-2.46761368,-1.729621736,-1.0729349,-1.38,-2.48,-0.148,-0.275158,-0.92,-2.01,2.01,-1.644051444,-1.894889235,-1.578251691,-2.189895082,-2.134188539,2
1KFW,G93P,Q9REI6,G130P,16597,7.5,16,0.5,0.278406002,-0.147489721,-0.44379326,-1.19,-1.3,0.987,1.9206,1.23,0.36,-0.36,-0.03584363,0.014593073,-0.012237334,-0.820620803,0.31549976,2
1PIN,E12A,Q13526,E12A,25170,7,40,-0.48,-0.747361503,-0.508704053,-0.45821435,-0.31,-0.52,-0.393,-0.601213,-0.6,-0.58,0.58,-0.881226983,-0.69651252,-0.828782179,-0.80894459,-1.218112536,2
1W3D,A165G,P11961,A165G,18489,5.5,51.85,-0.9,-0.904508092,-0.921986884,-1.2979115,-1.22,-1.29,-1.576,-0.762536,-0.88,-1.64,1.64,-0.556748603,-0.961123109,-0.766507029,-0.582917161,-0.506467602,2
1W4H,V154G,P0AFG6,V137G,24807,7,9.85,-0.84,-0.877999797,-0.930311092,-1.6663326,-3.14,-1.31,-2.61,0.0517134,-0.1,-0.86,0.86,-1.289507526,-1.084402561,-1.049875755,-1.191075096,-1.259258472,4
1PIN,S32G,Q13526,S32G,25207,7,40,-0.81,-1.538308605,-1.684194931,-1.6492787,-1.13,-0.51,-1.421,-0.44544,-0.46,-1.48,1.48,-1.429051288,-1.077366948,-0.856425995,-1.288913081,-1.302063032,2
1W3D,I146A,P11961,I146A,18477,5.5,51.85,-2.7,-2.58060011,-2.288675378,-2.7253554,-2.3,-2.52,-0.593,-1.83816,-1.5,-1.73,1.73,-1.630604447,-1.577980757,-1.550720398,-1.735892855,-2.045782329,2
1PIN,S32A,Q13526,S32A,25206,7,40,-0.26,-1.021757403,-1.018219544,-1.1735756,-0.56,0.04,0.608,0.499602,0.2,-0.95,0.95,0.040976033,0.104830585,-0.06391388,-0.009590647,-0.345388345,1
1PIN,S18A,Q13526,S18A,25178,7,40,0.03,-0.597643806,-0.768439288,-0.76710094,-0.86,-0.29,-0.825,-0.137089,-0.11,0.1,-0.1,-0.173941051,0.086414561,-0.162737914,-0.356175893,0.177278847,4
1FTG,A84G,P0A3D9,A85G,9918073,7,44.15,-1.8,-2.169781559,-1.700020243,-1.6428627,-1.07,-1.17,-2.879,-1.26941,-1.75,-2.07,2.07,-1.245175498,-1.576177835,-1.331008594,-1.489671264,-1.642468375,1
1IRO,V24I,P00268,V24I,22381,9.08,107,0.36,0.147275459,0.195434925,-0.42364995,-0.48,-0.7,-0.154,0.631439,0.09,-0.57,0.57,-0.066060471,-0.248525128,-0.295959081,-0.132295297,-0.337681677,1
1PIN,Y24F,Q13526,Y24F,25189,7,40,-0.66,-0.507560704,-0.190932122,-0.88077926,-0.74,-0.42,-0.659,-0.197253,-1.07,-0.9,0.9,-0.1053273,0.402359039,-0.388139888,-0.073311108,-0.221889044,1
1YYX,V84A,UPI00005AB3B6,V84A,18320,5,25,-3.85,-1.706864002,-1.53170532,-1.0050739,0.05,-0.4,-1.366,-0.786322,-0.42,-1.14,1.14,-1.705962568,-1.622923255,-1.996780789,-2.115055626,-1.868134163,4
1PIN,H27G,Q13526,H27G,25196,7,40,-0.68,-1.429428762,-1.856380764,-1.6722546,-0.83,-0.51,-2.117,-0.544698,-0.93,-1.2,1.2,-1.002811978,-0.650874615,-0.588677592,-0.564891203,-1.120395344,2
1W3D,I130A,P11961,I130A,18465,5.5,51.85,-0.7,-2.150411678,-2.142511917,-1.4588236,-1.83,-1.67,-0.286,0.889672,-0.62,-0.98,0.98,-1.127997704,-1.064115286,-1.022575452,-1.348983338,-1.335400277,2
1CDC,L95V,P08921,L117V,5700,7,25,-0.75,-1.060752412,-1.106409644,-1.2237736,-1.54,-1.71,4.978,-1.32542,-0.73,-1.19,1.19,-0.847225807,-0.936662376,-1.063532899,-1.083297871,-0.688883687,2
1W3D,I130G,P11961,I130G,18466,5.5,51.85,-1.4,-2.864086507,-2.950489546,-1.7503197,-2.42,-2.16,-2.449,0.398412,-1.16,-1.56,1.56,-1.165963625,-0.98032546,-1.311877943,-1.424519987,-2.269130094,2
1YYX,M33A,UPI00005AB3B6,M33A,18311,5,25,-3.5,-2.368036516,-2.53205601,-1.6759144,-0.61,-1.8,-1.845,-3.24147,-1.51,-2.76,2.76,-2.811743364,-2.258149147,-1.896596455,-3.680674476,-2.754455348,2
1PIN,H27A,Q13526,H27A,25195,7,40,-0.12,-1.193213658,-1.015633836,-1.3215833,-0.6,-0.38,-0.803,0.197827,-0.46,-0.91,0.91,-0.157625521,-0.040125076,-0.175180027,1.721791511,-0.424863488,2
1FTG,E72K,P0A3D9,E73K,9919989,7,43.25,0.9,-0.795815033,-0.040695839,-2.1906395,-1.06,-1.18,1.142,1.21241,0.86,-0.06,0.06,0.294036095,0.381689489,0.080623864,0.634273429,0.128767441,4
1W4H,P133A,P0AFG6,P116A,24794,7,9.85,0.38,0.103402767,-1.034428632,-0.39108303,-1.28,-0.92,0.534,-0.716137,0,-0.51,0.51,-1.314951509,-1.428155303,-1.737928113,-2.262161198,-0.958389693,2
1PIN,T29A,Q13526,T29A,25199,7,40,-1.25,-1.332072861,-1.385856836,-1.2110907,-1.39,-1.14,-1.443,-0.792872,-0.31,-2.4,2.4,-0.327769861,-0.084970951,-0.228435333,-0.138271708,-0.526446781,2
3HHR,S71T,P01241,S97T,307,8,20,0.33,-0.547405773,-0.671788093,-0.82225349,-0.19,-0.73,-0.347,-0.954812,0.4,-0.4,0.4,-0.299920245,-0.402675033,-0.489993043,-0.594448698,-0.022121182,2
1W4H,H166G,P0AFG6,H149G,24813,7,9.85,-1.58,-1.963023196,-2.89443069,-0.89650117,-0.53,-1.24,-3.173,-1.01243,-0.52,-2,2,-1.444876735,-1.352570176,-1.176253599,-1.924525753,-1.804841991,4
1CDC,L50V,P08921,L72V,5696,7,25,0.37,-0.608545567,-1.039809682,-1.684916,-1.63,-1.3,-0.476,-0.814499,-0.29,0.17,-0.17,-0.366141954,-0.145944655,-0.413911416,-0.236149345,-0.063213449,2
1PIN,R21A,Q13526,R21A,25183,7,40,-0.65,-0.768242869,-0.716901462,-1.2337651,-1.51,-0.55,0.159,-0.202959,-0.3,0.34,-0.34,0.014374701,0.286152095,-0.368317568,-0.2469477,-0.79952155,2
1PIN,T29G,Q13526,T29G,25200,7,40,-1.99,-1.292977183,-1.818984851,-1.8977648,-1.88,-1.75,-4.174,-2.12933,-1.23,-3.08,3.08,-1.088767193,-0.81629312,-0.830404489,-1.093405535,-1.031754331,2
1CDC,V78A,P08921,V100A,5698,7,25,-3.01,-1.841970684,-1.990907785,-1.97338,-2.75,-1.98,3.993,-0.778276,-0.93,-2.72,2.72,-1.654131904,-1.887104988,-1.839381647,-1.876041151,-1.330081347,2
1FTG,E40K,P0A3D9,E41K,9919986,7,43.25,0.87,0.372234038,-0.371020065,-1.8972733,-0.97,-1,0.651,1.0063,0.77,0.08,-0.08,-0.046894451,0.053748589,-0.209359644,-0.101735772,-0.209891851,2
1W4H,S132G,P0AFG6,S115G,24793,7,9.85,-0.47,-0.89091584,-1.069328586,-1.2468198,-0.71,-1.41,-1.778,-0.518897,-0.45,-1.03,1.03,-1.22853538,-1.280741334,-1.185746868,-1.740362686,-0.924702153,2
1PIN,G20A,Q13526,G20A,25182,7,40,-0.86,-0.791972641,-1.118912126,-1.9303959,-1.12,-0.94,0.172,-0.217616,0.08,0.42,-0.42,-0.503350576,-0.755857408,-0.796528418,-0.611629395,-1.1291836,2
1PIN,S16A,Q13526,S16A,25174,7,40,-0.44,-1.070133511,-0.804623317,-1.0725365,-0.76,-0.92,0.697,0.33384,-0.04,-0.24,0.24,-0.175905539,-0.121911712,-0.395991583,-0.230791202,-1.107236013,2
1ZG4,R164H,P62593,R162H,12377,7,49.9,-0.17,-0.411211762,-0.56246048,-1.109926,-1.33,-0.96,0.817,-2.59024,-1.18,-0.61,0.61,-0.516014207,-0.468277514,-0.464402221,-0.651368565,-0.570937833,4
1PIN,S16G,Q13526,S16G,25175,7,40,-0.92,-1.719548396,-1.744078899,-1.7445983,-1.46,-1.35,-0.15,0.280442,-0.36,-0.84,0.84,-1.327024736,-0.873404324,-1.025597771,-1.40808484,-1.313706958,2
1FTG,S71A,P0A3D9,S72A,9918072,7,44.15,-0.69,0.321420824,-0.034477122,-0.49304493,-0.2,-0.18,0.061,-0.416609,0.12,0.32,-0.32,-0.579359699,-0.192416236,-0.604206376,-1.13661032,0.249704194,1
1W4H,L139A,P0AFG6,L122A,24799,7,9.85,-3.5,-2.022067346,-1.654541922,-2.2554421,-2.67,-2.74,-3.369,-2.46109,-1.71,-2.8,2.8,-0.845285697,-0.790864527,-1.188056368,-1.34265285,-0.997477062,4
1PIN,T29S,Q13526,T29S,25201,7,40,-0.65,-0.898461285,-0.863741736,-0.79774842,-0.85,-0.33,-1.361,-1.0812,-0.62,-1.42,1.42,-0.791405892,-0.508697212,-0.469472155,-1.021363406,-0.424467985,2
1CDC,I18V,P08921,I40V,5693,7,25,-1.17,-1.06133087,-1.289971729,-0.80852412,-0.75,0,-1.118,-1.23093,-0.49,-1.13,1.13,-0.882864714,-0.791542768,-0.851626444,-0.713699944,-0.827565595,1
3HHR,S71A,P01241,S97A,308,8,20,-0.97,-0.904678876,-0.955866227,-0.93293353,-0.37,-1.14,-1.847,-2.08252,0.12,-1.13,1.13,-0.224301811,-0.283352107,-0.390000162,-0.234371643,-0.96698312,2
1W4H,L131A,P0AFG6,L114A,24792,7,9.85,-0.94,-1.853663148,-1.852470123,-2.4336462,-2.88,-2.64,-1.271,-1.84771,-1.41,-1,1,-1.060299911,-0.687630653,-1.026194263,-1.133438108,-0.507246974,4
1YYX,I72A,UPI00005AB3B6,I72A,18318,5,25,-4.67,-2.451668746,-1.994503553,-1.3934243,-2.5,-2.48,-2.113,-3.06699,-2.16,-2.14,2.14,-3.048161609,-2.200384855,-2.519359234,-2.535678295,-2.339338894,2
1CDC,V30A,P08921,V52A,5694,7,25,-4.88,-2.265725352,-2.479358149,-2.3888035,-1.53,-1.07,-0.917,-2.30222,-0.87,-3.29,3.29,-2.144140171,-2.176747322,-2.007955845,-2.094871404,-2.188738891,2
1W3D,L167V,P11961,L167V,18490,5.5,51.85,-0.2,-0.765768823,-0.642383592,-0.89376956,-1.68,-0.59,-1.744,-0.617089,-0.59,-0.24,0.24,-0.668779666,-0.593218207,-0.494805962,-0.46796006,0.165181038,2
2DRI,L62C,P02925,L87C,26036,7.6,25,-2.7,-2.073356803,-1.820218515,-1.3524281,-2.92,-2.2,-7.604,-3.56678,-2.52,-1.97,1.97,-2.250346983,-1.993698716,-1.86391821,-2.225100372,-1.954266164,2
1ZG4,S235A,P62593,S233A,12380,7,50.6,0.58,-0.678152539,-1.266675536,-0.98764243,-0.23,-0.94,-0.204,0.00153304,0.61,-0.83,0.83,-0.319375235,-0.13145417,-0.400026362,-0.230670264,-1.55133681,1
1PIN,N26D,Q13526,N26D,25194,7,40,-1.88,-1.381305445,-1.032788426,-1.3580851,-0.27,-0.66,-0.891,-1.57213,-0.43,-1.3,1.3,-0.158349554,-0.247489333,-0.603834745,-0.851833004,-0.542243768,2
1PIN,Y23A,Q13526,Y23A,25186,7,40,-1.08,-2.747645519,-3.359299033,-1.0406655,-2.52,-1.63,-5.685,-1.70182,-2.17,-2.23,2.23,-2.170830799,-1.77901423,-2.58322872,-1.744848206,-1.937865952,2
1FTG,I156V,P0A3D9,I157V,9918082,7,44.15,-3.6,-0.933938792,-0.411312249,-1.0761928,-1,-0.78,-0.716,-1.47978,-0.86,-1.39,1.39,-0.74728213,-0.542613745,-0.416322649,-0.692746004,-0.748922472,2
1W3D,D145A,P11961,D145A,18475,5.5,51.85,-2.1,-0.736543229,-0.972339977,-0.53192267,-1.08,-0.89,-1.104,-1.14893,0.51,-1.1,1.1,-1.37852692,-0.60699302,-0.702840184,-1.180413872,-1.754303577,2
1CSE,V54A,P01051,V54A,20048,7,25,-2.37,-2.750998238,-2.778390024,-1.7371425,-2.85,-2.14,-3.885,-3.62566,-2.3,-2.92,2.92,-2.371716237,-2.243032217,-2.355759671,-2.492157753,-2.279906714,2
1KFW,G406Q,Q9REI6,G443Q,16600,7.5,16,0.62,-0.83165015,-1.205251629,-0.80133218,-1.17,-1.39,-1.763,-2.32089,0.65,-1.44,1.44,-0.04142983,-0.023175521,-0.429803116,-0.262425004,-0.512052322,4
1FTG,Q111G,P0A3D9,Q112G,9919995,7,43.25,-0.31,-0.663789034,-0.561505216,-1.6236048,-0.62,-0.6,-1.066,-1.0404,-0.93,-1.39,1.39,-0.524344077,-0.476797432,-0.69857689,-0.689327291,-0.326730262,2
1FTG,V31A,P0A3D9,V32A,9918068,7,44.15,-1.72,-1.817989371,-1.161782528,-1.6311486,-1.54,-1.46,-2.886,-2.67822,-1.62,-2.09,2.09,-0.920346088,-0.493587196,-1.137132419,-1.079942546,-0.562362905,1
1B26,E231A,P96110,E232A,17753,7,69.5,-0.17,-0.388829381,-0.232095167,-1.1350106,-0.28,0.17,1.429,-1.51765,-0.31,-0.26,0.26,-0.417733728,-0.102933727,-0.33553206,-0.25756071,-0.650492226,2
1FC1,L398A,P01857,L281A,3640,7.4,20,-0.1,-1.99955394,-1.541313605,-1.8671843,-3.66,-1.6,0.428,-0.614292,-0.83,-0.52,0.52,-0.500561656,-0.250313699,-0.496313266,-0.648978259,-0.529223875,2
1FC1,V397A,P01857,V280A,3639,7.4,20,-0.6,-1.74409423,-1.480043599,-1.3650535,-2.31,-1.8,-0.011,-0.747507,-0.87,-2.15,2.15,-0.609101241,-0.217489883,-0.610864398,-0.698004035,-0.418396597,2
1FLV,V18L,P0A3D9,V19L,22092,7,44.15,0.09,-0.741803042,-0.635045659,-0.13213819,-0.1,-0.48,-0.027,-0.150265,1.32,-1.01,1.01,-0.063202612,-0.337159723,-0.639010028,-0.0461209,-0.380978982,2
1PIN,R36A,Q13526,R36A,25212,7,40,-0.29,-0.243901195,-0.584565841,-1.0651623,-0.97,-0.44,0.053,-0.037728,-0.41,-0.04,0.04,0.113998033,0.339666218,-0.182955454,1.036838918,-0.665842556,2
1YYX,F61A,UPI00005AB3B6,F61A,18315,5,25,-5.45,-2.852935628,-2.754201235,-2.5064321,-2.44,-2.54,-1.509,-2.15177,-2.51,-2.46,2.46,-3.293288513,-2.563328505,-2.943479327,-2.743754123,-2.74275132,2
1W4H,L144A,P0AFG6,L127A,24801,7,9.85,-1.9,-2.502347043,-2.309912517,-2.7973457,-3.26,-2.33,-2.35,-2.13152,-1.53,-2.57,2.57,-1.746554507,-1.595463514,-1.966211717,-1.857603322,-2.259807543,2
1FTG,D75K,P0A3D9,D76K,9919990,7,43.25,1.01,0.182327497,0.239945315,-1.0125324,-0.6,-0.22,2.315,0.963219,0.87,-0.04,0.04,0.142834864,0.183661938,-0.075576516,-0.027896231,-0.212644968,2
1PIN,A31G,Q13526,A31G,25205,7,40,-1.49,-1.240093589,-1.688538654,-1.0893166,-1.25,-1.53,-2.286,-1.18278,-0.69,-1.22,1.22,-0.54451089,-0.379064679,-0.513886952,-0.511090729,-0.353907452,2
1W4H,T152A,P0AFG6,T135A,24806,7,9.85,-1.36,-0.907118994,-1.401822687,-0.80820215,-1.57,-0.72,-1.638,-0.574975,-0.19,-0.31,0.31,-1.019921969,-0.863400698,-0.939082184,-0.874348132,-0.752242881,4
1CDC,L16V,P08921,L38V,5692,7,25,-2.2,-1.528494361,-1.45350796,-1.01363,-1.43,-0.56,5.176,-0.907363,-0.41,-1.3,1.3,-1.734948376,-1.932070971,-1.414542508,-1.513027808,-1.64714148,4
1FTG,L143A,P0A3D9,L144A,9918081,7,44.15,-0.1,-2.617741862,-2.727758969,-2.6402666,-3.15,-1.39,-5.922,-4.15514,-2.91,-3.31,3.31,-1.742015467,-1.674135923,-1.423518583,-1.474954963,-1.810204622,1
1K9Q,D34T,P46937,D194T,11374,7,65,0.35,0.194049411,0.737738198,-1.3808692,0.27,1.05,-1.219,-0.810439,0.12,0.15,-0.15,0.347868109,0.684134841,0.244849592,0.369435774,0.805129288,1
1FTG,V117A,P0A3D9,V118A,9918078,7,44.15,-1.74,-2.421919695,-1.92676115,-1.0418019,-1.46,-0.97,-2.042,-1.73981,-1.52,-2.29,2.29,-1.220449592,-1.236693382,-1.597726581,-0.914460287,-1.600128441,2
1CSE,V14A,P01051,V14A,20047,7,25,-1.67,-2.136320253,-1.87341808,-1.3485768,-1.54,-1.26,-1.479,-0.77521,-0.94,-0.33,0.33,-2.167968218,-2.065277576,-2.554425611,-2.515430991,-1.566371967,2
1PIN,P8G,Q13526,P8G,25165,7,40,-0.92,-1.786785585,-2.21410933,-1.3087868,-1.68,-1.95,-0.776,-3.74581,-1.15,-2.36,2.36,-2.844281238,-2.200176001,-2.244706605,-2.927301706,-1.827598944,2
1PIN,L7A,Q13526,L7A,25160,7,40,-1.72,-2.511771744,-2.292184974,-2.2970696,-2.33,-1.71,-4.899,-2.3145,-0.54,-1.46,1.46,-2.377422329,-2.22935462,-2.610471915,-1.83926151,-1.219662196,2
1FTG,G68A,P0A3D9,G69A,9919988,7,43.25,0.55,0.6239842,0.590337792,-0.67381657,-0.29,-0.58,0.965,-0.0232178,0.68,0.54,-0.54,0.247742728,0.360650778,0.093387968,0.134223693,0.677827625,1
1YYX,L94A,UPI00005AB3B6,L94A,18323,5,25,-1.73,-2.415925939,-2.299493649,-2.3610257,-2.32,-2.39,-0.833,-2.31174,-2.98,-2.67,2.67,-3.763196274,-2.64250946,-2.897002157,-3.92037223,-2.872358428,2
1YYX,M58A,UPI00005AB3B6,M58A,18314,5,25,-3.61,-1.878308199,-1.895363826,-2.0968174,-1.59,-1.05,0.053,-1.02483,-0.33,-1.48,1.48,-1.267946745,-0.834161341,-1.329617705,-1.499682824,-2.224744833,4
1PIN,L7I,Q13526,L7I,25161,7,40,-0.85,-0.65132412,-1.005594041,-0.86293183,-1.12,-0.69,-3.312,-1.67001,-0.67,-0.93,0.93,-0.541351841,-0.386019975,-1.035482142,-0.59431899,-0.861700636,2
1FTG,L6A,P0A3D9,L7A,9918066,7,44.15,-2.94,-3.065520606,-2.875266257,-2.7090023,-2.17,-2.32,-5.677,-4.50647,-3.63,-3.06,3.06,-2.173444414,-2.120085001,-2.461694706,-2.159360732,-2.774779928,2
3HHR,S71V,P01241,S97V,309,8,20,-1.19,-0.444288759,-0.608228912,-0.24366623,0.5,-0.15,-5.605,-3.47032,0.57,-1.05,1.05,-0.318784622,-0.065722026,-0.305636454,-0.238313233,-0.484666531,2
1FTG,I52V,P0A3D9,I53V,9918071,7,44.15,-1.4,-1.046729913,-1.439007351,-0.98179598,-0.74,-0.5,-1.525,-1.29287,-1.34,-1.59,1.59,-0.79443116,-0.802547216,-0.910414937,-0.776222245,-1.2945574,2
1PIN,K13A,Q13526,K13A,25171,7,40,-0.02,-0.876180074,-0.580984971,-0.81174841,-0.54,0.2,-0.877,-1.06658,-0.45,-0.08,0.08,-0.264864376,0.126012385,-0.120430572,-0.174208826,-0.69592706,2
1PIN,L7N,Q13526,L7N,25163,7,40,-0.9,-2.345839437,-2.395224843,-1.6245321,-2.17,-1.2,-4.321,-2.55181,0.09,-1.72,1.72,-3.42554163,-2.899695873,-2.659865214,-2.091973405,-1.796345783,2
1W3D,V149A,P11961,V149A,18478,5.5,51.85,-2.8,-2.647738665,-2.039358378,-1.5666705,-1.82,-1.73,-0.234,0.579058,-0.97,-1.69,1.69,-1.747672738,-1.791203618,-2.038034822,-1.984155149,-2.286235102,4
1ZG4,G238S,P62593,G236S,12375,7,50.6,-1.25,-0.824665545,-1.310572851,-0.88410214,-1.37,-0.12,-5.384,-3.71814,0.3,-0.49,0.49,-0.103854449,0.000832865,-0.098590245,0.040934053,-0.583015187,1
1FC1,K409A,P01857,K292A,3644,7.4,20,-2.4,-1.052724065,-0.859083836,-2.1026762,-0.86,-1.09,0.155,-1.52854,-0.22,-0.58,0.58,-0.614341093,-0.432617545,-0.613637579,-1.153900612,-0.246582581,2
3HHR,E74T,P01241,E100T,315,8,20,-0.55,-0.88563595,-0.407420139,-1.2821095,0.08,-0.3,-1.139,-1.2885,-0.15,-0.54,0.54,-0.673810099,-0.915275872,-0.733663984,-0.458687508,-0.492867569,2
3HHR,E74S,P01241,E100S,314,8,20,-0.91,-1.143933423,-0.849265066,-1.1378044,-0.36,-0.63,-1.747,-2.07167,-0.78,-0.68,0.68,-1.044085481,-1.208452225,-1.076035032,-1.320226831,-1.432542413,2
3HHR,E74Q,P01241,E100Q,312,8,20,-0.18,-0.227944628,-0.3125777,-0.85462428,-0.17,-0.67,0.159,-0.666884,0.05,-0.11,0.11,-0.719950517,-0.96564889,-0.607397454,-0.591295555,-0.889640791,1
1PIN,T29D,Q13526,T29D,25202,7,40,-1.33,-0.854297866,-0.905181301,-0.84929896,-0.67,-0.74,-4.322,-6.20073,-0.96,-2.26,2.26,-1.006695226,-0.267483205,-0.61008925,-1.028434675,-0.605788376,2
1PIN,W34F,Q13526,W34F,25210,7,40,-0.1,-2.045068846,-1.267621911,-0.085976013,-1.49,-0.35,-0.782,-0.148951,-0.74,-0.37,0.37,-0.820388283,-0.794619918,-0.707577978,-0.775383147,-0.97174574,1
1FTG,I22V,P0A3D9,I23V,9918067,7,44.15,-1.39,-1.347969903,-1.390631369,-1.2537959,-0.69,-0.74,-2.546,-1.45461,-1.27,-1.12,1.12,-0.707161418,-1.056893229,-0.843922057,-0.722882105,-0.779316071,2
3HHR,E74L,P01241,E100L,316,8,20,-0.79,0.156548357,0.89160795,-0.1743341,0.17,0.31,1.713,0.180163,1.94,-0.6,0.6,-0.315163156,-0.239101961,-0.211846146,-0.153404113,0.513488007,4
1PIN,K6A,Q13526,K6A,25159,7,40,0.15,-0.134172942,-0.57411779,-0.34176079,-0.2,0,-0.102,0.152356,0.45,0.07,-0.07,-0.172247174,0.24304536,-0.171559093,-0.232829214,-0.222036021,2
1PIN,G10A,Q13526,G10A,25168,7,40,-0.85,-0.705932675,-1.238542841,-0.74472336,-0.38,-1.08,-4.635,-4.95984,-0.02,-1.96,1.96,0.280414175,-0.213313013,-0.619439685,-0.026391867,-0.911377349,2
1ZG4,R164S,P62593,R162S,12378,7,50.6,-0.61,-1.030921144,-1.345841022,-1.0344447,-1.18,-0.82,-1.329,-3.13556,-1.84,-1.81,1.81,-0.499251221,-0.484587967,-0.473669807,-0.545794509,-1.236865548,1
1FC1,Q347A,P01857,Q230A,3629,7.4,20,-1.1,-0.879037337,-1.117657848,-0.10475514,-0.1,-0.56,1.102,-0.214767,-0.21,-1.11,1.11,-0.156281694,0.258333713,-0.181425485,0.195703396,-0.997292173,1
1W4H,L167A,P0AFG6,L150A,24814,7,9.85,-0.57,-2.010495148,-2.197070587,-2.0164885,-2.9,-2.17,-1.594,-2.15331,-1.41,-1.5,1.5,-1.186327583,-1.189222455,-1.269437257,-1.263929604,-1.496853283,2
1PIN,Q33A,Q13526,Q33A,25208,7,40,-0.57,-1.067631963,-0.902187658,-1.0753735,-0.39,-0.84,-1.616,-0.462954,-0.7,-0.8,0.8,-0.318283914,-0.189693481,-0.419433399,-0.166745471,-0.831079335,2
1FC1,D399A,P01857,D282A,3641,7.4,20,-0.7,-0.737654238,-0.890606655,-0.94741144,-1.53,-1.82,1.894,-0.949741,0.12,-1.85,1.85,-0.721670867,-0.162752971,-0.391306274,-0.617404615,-1.043933877,4
1FC1,K392A,P01857,K275A,3636,7.4,20,-0.4,-0.612370935,-0.326921727,-1.1245482,-1.17,-0.58,-0.493,-0.881377,-0.14,-0.66,0.66,-0.221637271,0.145619646,-0.250151209,0.038634795,-0.037958027,2
1W3D,A168G,P11961,A168G,18492,5.5,51.85,-0.3,-0.186821759,-0.919215659,-1.8552958,-0.99,-0.89,1.161,1.72292,-0.39,-0.73,0.73,-0.526338794,-0.559461951,-0.855571195,-0.526303618,-0.014402193,2
1YYX,L68A,UPI00005AB3B6,L68A,18317,5,25,-4.03,-2.80285983,-2.513237324,-2.2356154,-3.07,-3.03,-0.042,-1.99968,-1.97,-2.72,2.72,-3.636612407,-2.929965973,-3.230260839,-2.939651618,-3.039559318,4
1SPB,Q40L,P00782,Q70L,8820,5,20,1.1,0.049608276,0.433078604,0.11841476,0.14,-0.3,1.285,1.72938,1.56,-0.12,0.12,0.431047386,0.674404979,0.301657387,0.531596792,0.352486139,2
1PIN,I28A,Q13526,I28A,25197,7,40,-0.36,-1.329308181,-0.976576143,-2.1670548,-2.75,-0.8,-1.482,-1.32575,-0.97,-0.37,0.37,-0.939356316,-0.458168983,-0.616456126,-0.706276906,-0.561553926,2
1FTG,E107A,P0A3D9,E108A,9919994,7,43.25,0.62,-0.359132098,-0.387514518,-1.2659476,0.05,-0.19,0.322,-0.04662,-0.39,-0.16,0.16,-0.060661396,-0.098872863,-0.167925738,-0.039395488,-0.16618047,4
1W4H,A168G,P0AFG6,A151G,24815,7,9.85,-0.07,-0.270825046,-1.098785453,-1.4977844,-1.57,-1.08,-0.656,-0.25541,-0.48,-0.6,0.6,-0.758059855,-0.585065186,-0.633121845,-0.610206089,-0.33597075,2
1PIN,I28G,Q13526,I28G,25198,7,40,-0.48,-2.006106685,-2.144361821,-2.3121638,-3.3,-1.63,-2.774,-1.85251,-1.49,-1.06,1.06,-1.019415157,-0.492128253,-0.71678713,-0.57806241,-1.606666998,2
1FTG,D150K,P0A3D9,D151K,17976,7,44.15,-0.22,-0.191422156,-0.672909536,-1.6011778,0.02,0.13,0.212,1.0741,0.56,-0.04,0.04,-0.308276622,-0.065692894,-0.207683503,-0.504111246,0.008385804,1
