pdb_id,position,wild_type,mutant,ddg,DynaMut2,MUpro,PoPMuSiC,EASE-MM,I-MutantA,I-MutantB,mCSM,SDM,DUET,INPS,SCpre-seq,DDGun,MAESTRO,
2ocjA,104,Q,H,0.24,-1.31,-0.69119398,-0.13,0.2271,-0.53,-1.21,-1.002,0.59,-0.706,0.615352,0.06885167,0.4,0.235,-1.25
2ocjA,104,Q,P,0.11,-0.4,-0.73128424,-0.43,0.5764,-1,-1.26,-0.374,-0.54,-0.294,-0.0276002,-0.06998069,1.2,1.224,
2ocjA,123,T,A,-0.13,-0.43,-0.74183624,1.1,-0.9056,-1.73,-1.04,-0.878,0.37,-0.611,-0.795507,-0.675528568,-0.8,0.689,
2ocjA,129,A,D,-0.7,-0.45,-0.50473953,0.31,0.5145,-0.61,-0.12,-0.7,0.21,-0.387,-0.0331777,-0.012260652,0,0.683,
2ocjA,129,A,E,-0.38,-0.59,-0.51574842,0.2,0.2253,-0.72,-0.01,-0.817,0.14,-0.526,0.176627,-0.047910826,0.2,0.307,
2ocjA,129,A,S,-0.19,-0.04,-0.87985795,0,0.2052,-0.74,-0.17,-0.819,-0.85,-0.782,-0.0312911,-0.042499318,0.3,-0.008,
2ocjA,133,M,L,0.3,0.01,-0.99964856,0.63,0.0581,-1.89,-0.01,0.198,0.26,0.852,0.508115,-0.311470656,1.5,0.2,
2ocjA,134,F,L,-4.78,-3.02,-0.29045467,1.59,-1.2772,-0.29,-2.1,-3.081,-2.25,-3.453,-2.50727,-1.735197245,-2.6,0.703,
2ocjA,143,V,A,-3.5,-2.08,-0.54219277,3.11,-2.2936,-2.4,-3.42,-1.917,-2.66,-2.329,-2.19172,-2.641422017,-3,1.915,
2ocjA,145,L,Q,-2.98,-3.1,-1.7907902,3.7,-2.1552,-1.75,-1.67,-2.761,-2.84,-2.992,-1.84891,-2.528233773,-2.9,2.7,
2ocjA,148,D,E,-0.43,-0.35,-0.55536968,0.13,-0.4805,0.61,-0.67,-0.287,-0.07,0.036,0.0274945,-0.18702467,0.2,0.135,
2ocjA,148,D,S,0.22,0.37,-0.90172761,0.07,-0.2326,-0.32,-1.27,0.102,-0.102,0.206,0.0262255,-0.200310568,0.3,0.135,
2ocjA,150,T,P,-0.08,-0.23,-1.386994,-0.76,0.3365,-0.43,0.14,-0.381,0.39,-0.062,0.331866,-0.132876026,0.2,0.742,
2ocjA,151,P,S,-4.49,-2.53,-1.1728868,1.91,-1.4045,-1.85,-1.14,-2.482,-1.49,-2.517,-1.09354,-1.871889412,-1.9,1.346,
2ocjA,157,V,F,-3.88,-1.57,-0.94054347,1.19,-1.3601,-2.26,-3.07,-1.328,-2.06,-1.763,-1.27489,-1.198744282,-1.3,0.218,
2ocjA,165,Q,K,-1.27,-0.55,-1.3891748,0.62,-0.6495,-0.63,-0.35,-0.814,0.31,-0.552,0.234879,-0.312422902,-0.6,1.358,
2ocjA,167,Q,E,-0.43,-0.05,-0.67686613,-0.34,0.3897,-0.34,0.3,-0.125,0.52,0.367,0.167794,-0.177970617,-0.3,-0.503,
2ocjA,168,H,R,-2.75,-0.66,-0.85358655,1.11,-0.2023,0.18,-0.35,-1.132,-0.64,-1.158,-0.602615,-1.079082194,-1.2,0.47,
2ocjA,174,R,K,-0.22,-1.25,-0.97335085,0.68,-0.2704,-1.46,-0.51,-0.686,-0.1,-0.428,-0.225037,-0.472758247,-1.3,0.654,
2ocjA,175,R,A,-0.73,-0.97,-2.2422388,1.13,-0.9231,-1.32,-2.23,-0.808,-0.81,-0.909,-0.685456,-1.587482861,-1.7,1.812,
2ocjA,175,R,H,-3.52,-2.13,-2.9105592,0.34,-0.5772,-2.68,-0.51,-1.041,-1.78,-1.576,-1.10118,-2.112906996,-0.7,0.91,
2ocjA,182,C,S,0.16,-0.83,-1.6508693,0.44,-0.5646,-1.62,-1.41,-1.079,-1.03,-0.976,-0.352579,-0.342191623,0.6,0.173,
2ocjA,195,I,T,-4.12,-3.46,-2.7459467,1.95,-2.1198,-4.23,-4.16,-2.889,-3.36,-3.187,-2.85222,-2.521459187,-3,2.218,
2ocjA,201,L,P,0.35,0.32,-2.4244712,-0.7,-0.6039,-1.68,-1.39,-0.308,-0.83,-0.285,-0.548147,-0.239012265,-0.7,-0.661,
2ocjA,203,V,A,0.49,-1.58,-1.2249686,1.86,-1.0651,-2.28,-3.35,-1.626,-0.45,-1.654,0.145643,-1.068628811,0,1.184,
2ocjA,206,L,S,-0.1,-0.39,-1.4588736,0.91,-2.3135,-4.04,-2.02,-1.173,-1.66,-1.087,-1.5301,-1.629280106,-1.3,1.337,
2ocjA,220,Y,C,-3.98,-2.13,-0.24376484,2.4,-1.4682,0.69,-1.53,-1.897,-1.07,-1.916,-1.53599,-1.718367662,-2.9,1.238,
2ocjA,228,D,E,0.05,0.02,-0.5685638,0.33,-0.2133,0.3,0.79,-0.266,0.01,0.061,0.144566,-0.155717331,0.1,0.253,
2ocjA,232,I,T,-3.19,-2.61,-1.7458961,2.16,-1.6562,-2.75,-3.98,-2.365,-3.36,-2.664,-2.37976,-1.901792324,-2.3,1.489,
2ocjA,236,Y,F,0.27,-1.54,-0.9107412,0.93,-0.1573,-0.76,-1.05,-1.611,0.12,-1.259,0.0351418,-0.46910746,2,0.434,
2ocjA,237,M,I,-3.18,-1.16,-0.74478395,0.56,-0.3271,-1.78,-2.09,-1.839,-0.17,-1.528,-1.57298,-0.923556784,-0.9,0.139,
2ocjA,239,N,Y,1.49,-0.25,-0.38824625,0.64,-0.328,0.14,-1.59,-0.258,0.48,-0.226,0.819764,-1.193271203,1.2,0.07,
2ocjA,242,C,S,-3.07,-0.72,-2.8407208,1.4,-1.9394,-2.53,-2.6,-0.956,-1.42,-0.984,-2.55006,-1.770066866,-4.7,0.727,
2ocjA,245,G,S,-1.21,-0.79,-0.80619094,0.87,-0.6405,-0.05,-1.16,-1.247,-1.67,-1.409,-0.777634,-1.25221515,-1.5,0.404,
2ocjA,248,R,Q,-1.87,-0.6,-1.8402017,-0.03,0.2574,-1.56,-1.78,-0.166,-1.22,-1.92,-1.27834,-0.97477327,-1.1,-0.358,
2ocjA,249,R,S,-1.92,-1.47,-1.84991,2.44,-0.377,-1.88,-1.7,-1.667,-1.22,-1.92,-1.20096,-1.491949665,-2,1.976,
2ocjA,255,I,F,-3.29,-2.19,-1.566125,0.89,-0.3627,-1.69,-2.52,-1.57,-1.54,-1.829,1.21135,-0.868812966,1.4,0.493,
2ocjA,260,S,P,-0.32,-0.43,-1.233946,-0.01,-0.0113,-1.26,-0.18,-0.18,-0.04,-0.038,-0.277084,-0.433129696,-0.2,0.025,
2ocjA,268,N,D,1.21,-1.25,-0.90139108,1.11,-1.03,-1.68,-1.84,-1.609,-0.45,-1.425,-0.0465411,-0.490472281,-0.3,0.646,
2ocjA,270,F,C,-4.54,-2.32,-1.5080504,2.13,-2.0739,-1.94,-2.65,-1.888,-1.33,-2.025,-1.74758,-2.292372546,-2.5,1.293,
2ocjA,273,R,H,-0.45,-1.12,-0.45055488,0.45,-0.8961,-1.04,-0.54,-1.865,0.07,-1.674,-1.04496,-1.11923307,-0.9,0.513,
2ocjA,282,R,W,-3.3,-1.53,-0.76877352,-0.2,-0.8275,-0.41,-0.33,-1.219,-0.2,-1.111,0.027618,-0.656287175,-0.9,1.049,
